71539,[自拍偷拍] 可爱的黑丝小猫女小穴粉嫩多汁[10P]
102514,[自拍偷拍] 和妹子玩车震[19P]
93852,[自拍偷拍] 极品美乳和鼓胀的小骚穴[10P]
102513,[自拍偷拍] 骚妻掰开淫穴等你来插[16P]
93851,[自拍偷拍] 和性感年轻的人妻宾馆幽会[12P]
93850,[自拍偷拍] 女网友发给我的的粉嫩自拍照[12P]
87360,[自拍偷拍] 小女友换上豹纹情趣内衣人更骚了[11P]
102512,[自拍偷拍] 恩爱夫妻的小激情[11P]
93849,[自拍偷拍] 羞涩的小情人捂脸不让拍[10P]
79612,[自拍偷拍] 周末宾馆和炮友乐一乐[13P]
87359,[自拍偷拍] 勾引多日的少妇，同意晚上给我玩她的身体，果真很自愿的...
93848,[自拍偷拍] 大白美乳翹臀粉穴实在太美了[12P]
72329,[自拍偷拍] 酒店爆操风骚漂亮的援交学生妹[10P]
79611,[自拍偷拍] 少妇炮友口活了得[12P]
87358,[自拍偷拍] 啪啪朋友老婆，叫的太浪水出了好多，太刺激了就内射了，...
102511,[自拍偷拍] 玩的就是六绑上草[8P]
64066,[自拍偷拍] 很漂亮的清纯妹子，露脸自拍[15P]
72328,[自拍偷拍] 和公司新来的白嫩大奶美少妇啪啪啪[10P]
79610,[自拍偷拍] 白嫩肥臀女友翘起屁屁让我艹[10P]
87357,[自拍偷拍] 白丝太性感，隐约看到阴毛更加诱惑，受不了直接在车上车...
93847,[自拍偷拍] 刚洗完澡发现老婆脱光在沙发上引诱我[11P]
102510,[自拍偷拍] 新认识的学姐[10P]
72327,[自拍偷拍] 魔都包养一个小姑娘口活超棒比找小姐合算多了[13P]
64065,[自拍偷拍] 凉席上的白嫩媳妇[14P]
87356,[自拍偷拍] 用補習名義在學妹房間內與她做愛[13P]
93846,[自拍偷拍] 江南白嫩美少妇，小家碧玉真好玩[12P]
64064,[自拍偷拍] 这是多嫩的逼呀，穴也是那么紧 [10P]
87355,[自拍偷拍] 这个玩的有点大啊真的不怕撞见人吗[12P]
93845,[自拍偷拍] 非常誘人性感肥臀 渔网美腿[9P]
64063,[自拍偷拍] 白嫩黑丝情趣装炮友掰开骚穴还挺粉嫩[12P]
79609,[自拍偷拍] 兄弟出差帮他好好照顾他媳妇[12P]
93844,[自拍偷拍] 新婚小夫妻[13P]
64062,[自拍偷拍] 白嫩大学生女友不喜欢戴胸罩[10P]
87354,[自拍偷拍] 一桿槍大戰4個熟女[11P]
102509,[自拍偷拍] 小炮友的SM诱惑，想让我精尽人亡[14P]
93843,[自拍偷拍] 小人妻的嫩穴很诱人[12P]
64061,[自拍偷拍] 爆乳女友这是想吃香肠了[10P]
79608,[自拍偷拍] 粉嫩可爱的妹纸操起来真有感觉[12P]
72326,[自拍偷拍] 喜欢SM的小女人偷情还怕男友发现[9P]
87353,[自拍偷拍] 已婚前女友[10P]
64060,[自拍偷拍] 丝袜人妻翘着皮肤随便操[12P]
93842,[自拍偷拍] 新交的大一学妹，出租房里秀身材[13P]
102508,[自拍偷拍] 娇嫩的妹子自慰按摩[10P]
72325,[自拍偷拍] 约了个露脸贫乳少妇啪啪啪[12P]
56589,[自拍偷拍] 还未破处的嫩穴之完整处女膜 [10P]
79607,[自拍偷拍] 单位新来的女同事，身材一级棒[12P]
64059,[自拍偷拍] 很骚的一个人妻满足不了[12P]
93841,[自拍偷拍] 爆乳美人妻粉嫩鮑魚大公開自拍[13P]
87239,[自拍偷拍] 巨乳嫩妹原来喜欢吃肉肠[10P]
48450,[自拍偷拍] 她是我那么多朋友中最好玩的人妻，逼很嫩[10P]
64058,[自拍偷拍] 花了300在酒店叫了个快餐[12P]
72324,[自拍偷拍] 酒店约炮丰满爆乳人妻[11P]
87238,[自拍偷拍] 我老婆说是给你们送上的祝福[10P]
79525,[动态色图] 欧美篇动图欣赏
102506,[自拍偷拍] 人酒店色诱兄弟[13P]
56588,[自拍偷拍] 舔棍达人[10P]
42814,[自拍偷拍] 情人的服务如此的好[12P]
48449,[自拍偷拍] 白嫩的女友好爽，皮膚嫩嫩的，逼逼粉粉的，雞巴進入好舒...
64057,[自拍偷拍] 每天就在楼上为你服務~~看到对面的学校了么[12P]
87237,[自拍偷拍] 我的大学学霸同学[12P]
72323,[自拍偷拍] 无套内射阴毛稀疏的骚逼炮友[13P]
56587,[自拍偷拍] 風騷美女最喜歡讓人從後面看她的美逼逼[11P]
93840,[自拍偷拍] 商务酒店来的模特[12P]
36108,[自拍偷拍] 熟妇客厅的诱惑 [9P]
102466,[亚洲色图] 自己谈的在校学生
102353,[自拍偷拍] 洗白白就是等你上來[18P]
42744,[自拍偷拍] 少妇的性感情趣内衣[6P]
31111,[自拍偷拍] 总是喜欢买丁字内裤穿来诱惑我的小姨子[9P]
36107,[自拍偷拍] 娇嫩如此豪乳 [11P]
56412,[自拍偷拍] 新来的同事，骚的不行[11P]
72322,[自拍偷拍] 约炮内射公司新来的丝袜女同事[12P]
64056,[自拍偷拍] 女友很喜欢自拍喜欢发相片给我[12P]
87236,[自拍偷拍] 身材好 大长美腿 很美好的一次体验[11P]
42742,[自拍偷拍] 这个小贱货[9P]
93839,[自拍偷拍] 性感内裤 身材还是不错[13P]
25684,[自拍偷拍] 外婆那飽滿騷穴真誘人 ! 【14P】
36024,[自拍偷拍] 大屁股老婆[10P]
31110,[自拍偷拍] 很开朗的小姨子脸上总是面带微笑[10P]
48448,[自拍偷拍] 极品90后妹子乳美屄肥在家拍照给情哥哥看[12P]
64055,[自拍偷拍] 女友真骚牙刷也拿来自慰[10P]
19287,[自拍偷拍] 妹子噴發白漿直喊哥哥快插[12P]
36023,[自拍偷拍] 深夜开车接美丽人妻回家玩[13P]
48447,[自拍偷拍] 卡卡第9期 这里有一只白色蕾丝小骚猫[10P]
72321,[自拍偷拍] 野外无人之地炮打白嫩情人[10P]
87235,[自拍偷拍] 将渔网性爱进行到底[11P]
64054,[自拍偷拍] 奶大人骚的少妇炮友[12P]
15415,[卡通动漫] 漫華鏡[26P]
48358,[自拍偷拍] 刚结婚就出来偷吃，又嫩活又好[10P]
87234,[自拍偷拍] 粉嫩学生妹宿舍自拍摸奶[12P]
1553,[亚洲色图] 漂亮女子大生初次拍激情AV【12P】
102352,[自拍偷拍] 内射白虎小嫩妹[16P]
56411,[自拍偷拍] 略微下垂的乳房[10P]
48357,[自拍偷拍] 骚妇爱吃哥哥的大鸡巴[12P]
25683,[自拍偷拍] 外婆乾淨的鮑魚照 ! 【13P】
42741,[自拍偷拍] 那些年，我们的青春之前女友[10P]
36022,[自拍偷拍] 性欲茂盛[10P]
1480,[欧美色图] 与小嫩女一次激情的性爱之旅【15P】
93729,[自拍偷拍] 最爱老婆的两个大蜜桃[12P]
1479,[欧美色图] 下身的嫩B都被搞到黑色了【12P】
1477,[欧美色图] 真喜欢这丰满大奶美女无毛嫩穴做爱【12P】
1476,[亚洲色图] 喜欢被哥哥强来【12P】
1475,[亚洲色图] 小少妇的骚穴居然不是很黑【10P】
31109,[自拍偷拍] 學妹用玻璃棒插穴[11P]
1471,[亚洲色图] 美女极品 身材上那半遮半掩的诱惑【11P】
1469,[亚洲色图] 鄰家少婦 那丰满迷人的身材【12P】
1468,[亚洲色图] 荒山野岭清純蘿莉女被兩位大叔猥瑣挑逗【11P】
56410,[自拍偷拍] 偶遇粉鲍妹子[12P]
1467,[亚洲色图] 身材不错的少妇被内射【11P】
19286,[自拍偷拍] 可愛妹妹貼心的要用嘴巴溫暖我的老二[16P]
1466,[亚洲色图] 小妹被玩的很HIGH【13P】
1465,[亚洲色图] 小妹妹被肉棒插的欲仙欲死【15P】
1463,[亚洲色图] OL下班後生活其實很淫亂 生活也挺美【10P】
1462,[亚洲色图] 猥琐男优大叔挑逗白嫩肉感身材美貌【15P】
1461,[亚洲色图] 一对美乳加上性感身材，谁能不动心呢！【15P】
72203,[自拍偷拍] 喝喜酒刚认识的新娘闺蜜，送她回去在车上勾引车震[12...
102351,[自拍偷拍] 约战良家一场恶战[10P]
64053,[自拍偷拍] 翹起肥臀让男友拍[13P]
15414,[卡通动漫] 人妻家庭教师[40P]
31108,[自拍偷拍] 女友年轻白嫩的身体很让人喜欢[11P]
42740,[自拍偷拍] 欣赏骚逼女友[10P]
56409,[自拍偷拍] 丝袜 跳蛋 你想咋玩都满足你[12P]
79486,[自拍偷拍] 新上手的大學小胖妞[12P]
93728,[自拍偷拍] 走艳遇又上了一个年轻的妹子[11P]
19285,[自拍偷拍] 老婆穿着性感超薄灰丝翘臀直接被我擦入骚穴[10P]
25682,[自拍偷拍] 洗浴中心新來的MM，身材很好 ... 【10P】
42739,[自拍偷拍] 看看女仆的身材不错吧[12P]
72202,[自拍偷拍] 全裸游泳池下的风景[11P]
79485,[自拍偷拍] 偷偷溜进学妹宿舍共赴云雨[11P]
48356,[自拍偷拍] 温泉里的美女[10P]
56408,[自拍偷拍] 突然幻想被哥哥用肉棒抽人[12P]
31107,[自拍偷拍] 给搔穴剃毛[11P]
87233,[自拍偷拍] 90后炮友的大咪咪[10P]
64052,[自拍偷拍] 现在的妹纸是越来越会玩了，各种撩人姿势受不了哇[11...
93727,[自拍偷拍] 稚嫩的小女友还在发育中呢[10P]
36021,[自拍偷拍] 年經就是鮮甜多汁[10P]
25681,[自拍偷拍] 淫蕩村姑母狗花燭自拍 ! 【17P】
72201,[自拍偷拍] 已婚D罩杯美妇粉嫩大奶黑木耳[12P]
48355,[自拍偷拍] 喜欢口爆的黑木耳啊[10P]
64051,[自拍偷拍] 小媳妇白皙诱人的美丽酮体[10P]
36020,[自拍偷拍] 超可爱啊![9P]
93726,[自拍偷拍] 网上认识的美女现在已是女朋友了[12P]
42738,[自拍偷拍] 老婆愛穿性感黑絲翹臀露騷穴的樣子[12P]
56407,[自拍偷拍] 咸咸的少女液体味道[12P]
87232,[自拍偷拍] 騷妹子喜欢顏射被调教[13P]
79484,[自拍偷拍] 在野外喂豹纹骚妻吃胡萝卜[10P]
72200,[自拍偷拍] 独栋温泉别墅，就是爽着玩[11P]
25680,[自拍偷拍] 用了多年但依然性感的砲友 ! 【15P】
64050,[自拍偷拍] 性感的大姨子[10P]
102350,[自拍偷拍] 情人這樣的屁股和這樣的逼，看久了真沒興趣了[11P]
36019,[自拍偷拍] 这个女人我的最爱 [12P]
19284,[自拍偷拍] 酒店叫了兩個兼職的妹妹玩雙飛，爽翻了[11P]
42737,[自拍偷拍] 长枪各种姿势老汉推车[12P]
87231,[自拍偷拍] 与女网友见面就开干[11P]
64032,[自拍偷拍] 趁女同事老公出国，终于把她上了[11P]
19283,[自拍偷拍] 極品175美媚的壹次難忘約炮，小露臉[12P]
102349,[自拍偷拍] 太瘦的女人穿上情趣內衣也是沒什麽魅力[11P]
31106,[自拍偷拍] 粉红色乳晕的少妇[10P]
72199,[自拍偷拍] 生过孩子的老婆性欲越来越强了[12P]
87230,[自拍偷拍] 拉着婊子干车震简单粗暴[13P]
36018,[自拍偷拍] 小阿姨发骚掰穴诱惑我 [14P]
63937,[自拍偷拍] 女友真骚牙刷也拿来自慰[10P]
42736,[自拍偷拍] 內褲都脫了想男生..想被填滿.好想被滿足[11P]
102348,[自拍偷拍] 女同學發育也太好了吧，大咪咪，逼逼也很美[11P]
56406,[自拍偷拍] 18的姑娘就有这样丰满的乳房[11P]
63936,[自拍偷拍] 奶大人骚的少妇炮友[12P]
25679,[自拍偷拍] 住在我隔壁的馬子 ! 【16P】
102347,[自拍偷拍] 与炮友酒店的摄影[14P]
79483,[自拍偷拍] 肛交加跳蛋一起来[11P]
87229,[自拍偷拍] 出租屋内射十八岁嫩妹[12P]
63935,[自拍偷拍] 翹起肥臀让男友拍[13P]
72198,[自拍偷拍] 一起同事一起操逼，这同事情没有谁了[13P]
15413,[卡通动漫] 舰娘之长门H惩罚[18P]
56405,[自拍偷拍] 刚满二十岁的少女，骄傲的自拍[12P]
36017,[自拍偷拍] 活好就性福 [14P]
93725,[自拍偷拍] 隔壁的小姑子[10P]
31105,[自拍偷拍] 隔壁小骚妇体内射精[12P]
87228,[自拍偷拍] 暴插丰满黑丝熟妇[10P]
72197,[自拍偷拍] 黑暗中巨蛇入洞[10P]
102346,[自拍偷拍] 眼镜少妇真会搞[9P]
63934,[自拍偷拍] 现在的妹纸是越来越会玩了，各种撩人姿势受不了哇[11...
31104,[自拍偷拍] 毛都没长齐的高中妹子[8P]
72196,[自拍偷拍] 吃的快餐还给拍照[11P]
42735,[自拍偷拍] 内射黑丝制服[10P]
102345,[自拍偷拍] 一个人旅游途遇骚女[17P]
15412,[卡通动漫] 热恋女主角[40P]
63933,[自拍偷拍] 小媳妇白皙诱人的美丽酮体[10P]
87227,[自拍偷拍] 骚货的菊花木耳都很黑[13P]
31103,[自拍偷拍] 昔日的大学炮友[11P]
79482,[自拍偷拍] 嫩嫩的小炮友特别喜欢吹喇叭[13P]
42734,[自拍偷拍] 早醒來就一直揉.好舒服又好想要唷[9P]
25678,[自拍偷拍] 山间小路弯又长，大白兔子遇色狼，劈开双腿露毛穴【12...
63932,[自拍偷拍] 周末和情人小搞下[16P]
36016,[自拍偷拍] 18岁的妹子又骚又开放有快感 [11P]
56404,[自拍偷拍] 刚结婚的骚逼就是浪[10P]
31064,[自拍偷拍] 附近一个小护士1
31062,[自拍偷拍] 丝袜高跟翘臀露穴好诱人[10P]
93724,[自拍偷拍] 巨奶骚货丝袜配上丁字裤真是诱惑[11P]
72195,[自拍偷拍] 骚货爱吃的大鸡巴[11P]
42732,[自拍偷拍] 炮友任我捆绑掰成各种姿势[10P]
63931,[自拍偷拍] 同事的老婆69各种姿势高端享受[13P]
36015,[自拍偷拍] 小仙女谁不爱2 [12P]
56403,[自拍偷拍] 黑木耳人妻的逼被操的流出了白漿[9P]
102344,[自拍偷拍] 早上好欠操!没人要操我吗?想不想约我做愛？[14P]
72194,[自拍偷拍] 外出日常愛愛[11P]
63930,[自拍偷拍] 和老婆的真实第一次自拍希望大家喜欢[12P]
93723,[自拍偷拍] 极品人妻身材不错人还很骚[12P]
25677,[自拍偷拍] 随便绑一下 拍个照【16P】
87226,[自拍偷拍] 一个在招待所就能搞定的姑娘[12P]
79481,[自拍偷拍] 黑丝情妇口爆后入内射样样精通[11P]
36014,[自拍偷拍] 穿这丝袜足交简直爽爆了 [15P]
72193,[自拍偷拍] 玩得開的人妻可以玩3P還可以無套內射太爽了[12P]
93722,[自拍偷拍] 才18歲的粉嫩[12P]
25676,[自拍偷拍] 前女友的私拍照【14P】
102343,[自拍偷拍] 多变小情人[9P]
79480,[自拍偷拍] 好身材外援交妹来宾馆给我做服务[12P]
31061,[自拍偷拍] 熟女波妹，柔滑細嫩，臀魂夢繞 [11P]
42731,[自拍偷拍] 肤白貌美的小妹子[13P]
72192,[自拍偷拍] 偷偷溜进学妹宿舍共赴云雨[12P]
102342,[自拍偷拍] 骚逼紧的不行[9P]
56402,"[自拍偷拍] 看著她的表情,我也滿滿射了壹地精液[11P]"
1460,[亚洲色图] 这么清纯的美女帮你口交挑逗你的肉棒你会忍受得了么【1...
1303,[欧美色图] 魅力豪乳美女丰满性感的身体【16P】
25675,[自拍偷拍] 随便绑一下 拍个照【16P】
1301,[欧美色图] 欧美无毛妹子粉色小穴插进去肯定很是得劲【16P】
1300,[欧美色图] 黑丝美腿女秘书为的上位拼了与老板办公激情大战【15P...
1299,[亚洲色图] 骚女人才能感受到的畅快【17P】
79479,[自拍偷拍] 白嫩女友骚穴外黑里嫩夹的还蛮紧的[10P]
93721,[自拍偷拍] 粉嫩的大学生炮友[13P]
1298,[亚洲色图] 日本最受欢迎美巨女优乳性器互舔淫汁喷射2【10P】
63929,[自拍偷拍] 黑丝老婆被插[13P]
1296,[亚洲色图] 漂亮少妇白天在家寂寞【16P】
31060,[自拍偷拍] 和老婆早上晨练[10P]
1295,[亚洲色图] 激烈的自我满足【17P】
1293,[欧美色图] 超嫩的小美女这回终于被弄爽了【15P】
1292,[欧美色图] 沙发上也能有这么多的花样【13P】
1291,[欧美色图] 妖娆巨乳巨臀人妻需要两位男优才能满足她【15P】
1290,[欧美色图] 黑丝肥臀一操就忍不住【14P】
1289,[欧美色图] 傍晚时候爱 更是有味道【16P】
1288,[亚洲色图] 性感女优那黑木耳被擦的白浆流满床【15P】
1287,[亚洲色图] 美女騷起來誰也擋不住【10P】
1286,[亚洲色图] 美眉被大棒棒操的高潮了【13P】
1285,[亚洲色图] 美胸美人被的哇哇大叫【10P】
1284,[亚洲色图] 妹子皮膚白嫩下面卻那麼分还喷那么多【14P】
1283,[亚洲色图] 美熟女議員被上头领导3P浅规则了【14P】
36013,[自拍偷拍] 狭小的空间无限激情 [13P]
1218,[欧美色图] 比玫瑰还美艳的美妞[15P]
1216,[亚洲色图] 年轻妹子还在上学这淫荡的内心太性感【12P】
1215,[亚洲色图] 火烧鸟日本人气女优樱花Ena大龟头3P乱交2【10P...
1213,[亚洲色图] 夫妻激战【17P】
93720,"[自拍偷拍] 新婚小少婦生活玩自拍,真正的良家妇女，还露脸[13P..."
1204,[亚洲色图] 这老汉的功夫，你服不服？【13P】
1202,[亚洲色图] 如此好滋味女孩们尝过都说好【12P】
31059,[自拍偷拍] 人妻老公不在叫我去她家安慰她[10P]
42730,[自拍偷拍] 同事的情趣内衣展示秀[14P]
15411,[卡通动漫] 新娘系列[15P]
31058,[自拍偷拍] 喜欢玩捆绑[10P]
102341,[自拍偷拍] 嫩屄还是不错的[8P]
48354,[自拍偷拍] 和小女友相约酒店，无限激情尽在三尺榻上[11P]
72191,[自拍偷拍] 遇到這麽好身材的炮友必須要操爽她才會有下次的機會[1...
36012,[自拍偷拍] 看看人家怎么干老婆的 [10P]
56401,[自拍偷拍] 富二代公开女友艳照[11P]
93719,[自拍偷拍] 我的贤淑女友[11P]
79478,[自拍偷拍] 寂寞風騷浪蹄子，穴美後入艹著爽[11P]
87225,[自拍偷拍] 性感气质少妇逼逼好緊[13P]
31057,[自拍偷拍] 孤独的少妇[12P]
36011,[自拍偷拍] 年轻少妇爱红装 [9P]
25674,[自拍偷拍] 醉酒的小女友，极品肌肤【10P】
48353,[自拍偷拍] 温存前的准备[11P]
15410,[卡通动漫] 几大女主大送福利[15P]
